amendment,filename,compound_name,polarity,area
Amm,210916_Poo_TruePooAmm-noIS-neg-Full_1.mzML,"Taurine, 2H4",neg,131858.92356507663
Amm,210916_Poo_TruePooAmm-noIS-neg-Full_2.mzML,"Taurine, 2H4",neg,136586.39401515122
Amm,210916_Poo_TruePooAmm-noIS-neg-Full_3.mzML,"Taurine, 2H4",neg,157022.6613764902
Amm,210916_Poo_TruePooAmm-noIS-neg-Full_4.mzML,"Taurine, 2H4",neg,178852.53526268207
Amm,210916_Poo_TruePooAmm-noIS-neg-Full_5.mzML,"Taurine, 2H4",neg,207712.25544986682
Amm,210916_Poo_TruePooAmm-noIS-neg-Half_1.mzML,"Taurine, 2H4",neg,69468.6393293008
Amm,210916_Poo_TruePooAmm-noIS-neg-Half_2.mzML,"Taurine, 2H4",neg,68665.20963349713
Amm,210916_Poo_TruePooAmm-noIS-neg-Half_3.mzML,"Taurine, 2H4",neg,82995.5934458177
Amm,210916_Poo_TruePooAmm-noIS-neg-Half_4.mzML,"Taurine, 2H4",neg,97859.35505335983
Amm,210916_Poo_TruePooAmm-noIS-neg-Half_5.mzML,"Taurine, 2H4",neg,120304.1894311551
Amm,210916_Poo_TruePooAmm-noIS-pos-Full_1.mzML,"L-Phenylalanine, 2H8",pos,31249.554401145157
Amm,210916_Poo_TruePooAmm-noIS-pos-Full_1.mzML,"Taurine, 2H4",pos,37751.70077366856
Amm,210916_Poo_TruePooAmm-noIS-pos-Full_2.mzML,"L-Phenylalanine, 2H8",pos,36498.00137757769
Amm,210916_Poo_TruePooAmm-noIS-pos-Full_2.mzML,"Taurine, 2H4",pos,43501.117023399165
Amm,210916_Poo_TruePooAmm-noIS-pos-Full_3.mzML,"L-Phenylalanine, 2H8",pos,45272.595309671044
Amm,210916_Poo_TruePooAmm-noIS-pos-Full_3.mzML,"Taurine, 2H4",pos,53221.61433775615
Amm,210916_Poo_TruePooAmm-noIS-pos-Full_4.mzML,"L-Phenylalanine, 2H8",pos,53933.20133831926
Amm,210916_Poo_TruePooAmm-noIS-pos-Full_4.mzML,"Taurine, 2H4",pos,66689.63658656902
Amm,210916_Poo_TruePooAmm-noIS-pos-Full_5.mzML,"L-Phenylalanine, 2H8",pos,56538.295894534785
Amm,210916_Poo_TruePooAmm-noIS-pos-Full_5.mzML,"Taurine, 2H4",pos,78379.30170258896
Amm,210916_Poo_TruePooAmm-noIS-pos-Half_1.mzML,"L-Phenylalanine, 2H8",pos,12707.526627759557
Amm,210916_Poo_TruePooAmm-noIS-pos-Half_1.mzML,"Taurine, 2H4",pos,15506.8841999608
Amm,210916_Poo_TruePooAmm-noIS-pos-Half_2.mzML,"L-Phenylalanine, 2H8",pos,15406.586478678752
Amm,210916_Poo_TruePooAmm-noIS-pos-Half_2.mzML,"Taurine, 2H4",pos,17702.822874272995
Amm,210916_Poo_TruePooAmm-noIS-pos-Half_3.mzML,"L-Phenylalanine, 2H8",pos,15930.13021097114
Amm,210916_Poo_TruePooAmm-noIS-pos-Half_3.mzML,"Taurine, 2H4",pos,26127.98527875575
Amm,210916_Poo_TruePooAmm-noIS-pos-Half_4.mzML,"L-Phenylalanine, 2H8",pos,19874.40694163142
Amm,210916_Poo_TruePooAmm-noIS-pos-Half_4.mzML,"Taurine, 2H4",pos,35055.87321382634
Amm,210916_Poo_TruePooAmm-noIS-pos-Half_5.mzML,"L-Phenylalanine, 2H8",pos,22336.037868372296
Amm,210916_Poo_TruePooAmm-noIS-pos-Half_5.mzML,"Taurine, 2H4",pos,43845.89392110623
Amm,210916_Smp_Amm-Deep-Eve-T0-A-noIS-neg.mzML,"Taurine, 2H4",neg,138875.07352721994
Amm,210916_Smp_Amm-Deep-Eve-T0-A-noIS-pos.mzML,"L-Phenylalanine, 2H8",pos,39715.95992183501
Amm,210916_Smp_Amm-Deep-Eve-T0-A-noIS-pos.mzML,"Taurine, 2H4",pos,44143.45951550287
Amm,210916_Smp_Amm-Deep-Eve-T0-B-noIS-neg.mzML,"Taurine, 2H4",neg,166359.52918439705
Amm,210916_Smp_Amm-Deep-Eve-T0-B-noIS-pos.mzML,"L-Phenylalanine, 2H8",pos,48614.50726517682
Amm,210916_Smp_Amm-Deep-Eve-T0-B-noIS-pos.mzML,"Taurine, 2H4",pos,57278.73577513015
Amm,210916_Smp_Amm-Deep-Eve-T0-C-noIS-neg.mzML,"Taurine, 2H4",neg,130849.02120938672
Amm,210916_Smp_Amm-Deep-Eve-T0-C-noIS-pos.mzML,"L-Phenylalanine, 2H8",pos,38546.241175628995
Amm,210916_Smp_Amm-Deep-Eve-T0-C-noIS-pos.mzML,"Taurine, 2H4",pos,38537.650152018265
Amm,210916_Smp_Amm-Deep-Eve-T1-A-noIS-neg.mzML,"Taurine, 2H4",neg,144518.90905429187
Amm,210916_Smp_Amm-Deep-Eve-T1-A-noIS-pos.mzML,"L-Phenylalanine, 2H8",pos,44176.438065936054
Amm,210916_Smp_Amm-Deep-Eve-T1-A-noIS-pos.mzML,"Taurine, 2H4",pos,42487.029832625514
Amm,210916_Smp_Amm-Deep-Eve-T1-B-noIS-neg.mzML,"Taurine, 2H4",neg,147560.48014832736
Amm,210916_Smp_Amm-Deep-Eve-T1-B-noIS-pos.mzML,"L-Phenylalanine, 2H8",pos,37713.9415857426
Amm,210916_Smp_Amm-Deep-Eve-T1-B-noIS-pos.mzML,"Taurine, 2H4",pos,42871.000394160874
Amm,210916_Smp_Amm-Deep-Eve-T1-C-noIS-neg.mzML,"Taurine, 2H4",neg,210044.1415784405
Amm,210916_Smp_Amm-Deep-Eve-T1-C-noIS-pos.mzML,"L-Phenylalanine, 2H8",pos,54719.20663710119
Amm,210916_Smp_Amm-Deep-Eve-T1-C-noIS-pos.mzML,"Taurine, 2H4",pos,77747.31536672043
Amm,210916_Smp_Amm-Deep-Eve-T10-A-noIS-neg.mzML,"Taurine, 2H4",neg,139360.61434248445
Amm,210916_Smp_Amm-Deep-Eve-T10-A-noIS-pos.mzML,"L-Phenylalanine, 2H8",pos,41214.57775162293
Amm,210916_Smp_Amm-Deep-Eve-T10-A-noIS-pos.mzML,"Taurine, 2H4",pos,47695.453404854015
Amm,210916_Smp_Amm-Deep-Eve-T10-B-noIS-neg.mzML,"Taurine, 2H4",neg,147234.65737836985
Amm,210916_Smp_Amm-Deep-Eve-T10-B-noIS-pos.mzML,"L-Phenylalanine, 2H8",pos,41691.14949005623
Amm,210916_Smp_Amm-Deep-Eve-T10-B-noIS-pos.mzML,"Taurine, 2H4",pos,49992.548307648874
Amm,210916_Smp_Amm-Deep-Eve-T10-C-noIS-neg.mzML,"Taurine, 2H4",neg,139186.80551118468
Amm,210916_Smp_Amm-Deep-Eve-T10-C-noIS-pos.mzML,"L-Phenylalanine, 2H8",pos,46350.63338774833
Amm,210916_Smp_Amm-Deep-Eve-T10-C-noIS-pos.mzML,"Taurine, 2H4",pos,43154.93897101949
Amm,210916_Smp_Amm-Deep-Eve-T26-A-noIS-neg.mzML,"Taurine, 2H4",neg,150232.1367592906
Amm,210916_Smp_Amm-Deep-Eve-T26-A-noIS-pos.mzML,"L-Phenylalanine, 2H8",pos,36890.25815465776
Amm,210916_Smp_Amm-Deep-Eve-T26-A-noIS-pos.mzML,"Taurine, 2H4",pos,44680.23563967881
Amm,210916_Smp_Amm-Deep-Eve-T26-B-noIS-neg.mzML,"Taurine, 2H4",neg,168765.59085287718
Amm,210916_Smp_Amm-Deep-Eve-T26-B-noIS-pos.mzML,"L-Phenylalanine, 2H8",pos,50184.692911963655
Amm,210916_Smp_Amm-Deep-Eve-T26-B-noIS-pos.mzML,"Taurine, 2H4",pos,59864.12596914569
Amm,210916_Smp_Amm-Deep-Eve-T26-C-noIS-neg.mzML,"Taurine, 2H4",neg,147540.4206312047
Amm,210916_Smp_Amm-Deep-Eve-T26-C-noIS-pos.mzML,"L-Phenylalanine, 2H8",pos,41914.57466227246
Amm,210916_Smp_Amm-Deep-Eve-T26-C-noIS-pos.mzML,"Taurine, 2H4",pos,55241.63020522715
Amm,210916_Smp_Amm-Deep-Eve-T3-A-noIS-neg.mzML,"Taurine, 2H4",neg,185125.76126867873
Amm,210916_Smp_Amm-Deep-Eve-T3-A-noIS-pos.mzML,"L-Phenylalanine, 2H8",pos,51887.24617960992
Amm,210916_Smp_Amm-Deep-Eve-T3-A-noIS-pos.mzML,"Taurine, 2H4",pos,67496.22939983408
Amm,210916_Smp_Amm-Deep-Eve-T3-B-noIS-neg.mzML,"Taurine, 2H4",neg,196167.92056268698
Amm,210916_Smp_Amm-Deep-Eve-T3-B-noIS-pos.mzML,"L-Phenylalanine, 2H8",pos,52664.19231256741
Amm,210916_Smp_Amm-Deep-Eve-T3-B-noIS-pos.mzML,"Taurine, 2H4",pos,73283.7006697715
Amm,210916_Smp_Amm-Deep-Eve-T3-C-noIS-neg.mzML,"Taurine, 2H4",neg,208715.8992857787
Amm,210916_Smp_Amm-Deep-Eve-T3-C-noIS-pos.mzML,"L-Phenylalanine, 2H8",pos,50110.29937327958
Amm,210916_Smp_Amm-Deep-Eve-T3-C-noIS-pos.mzML,"Taurine, 2H4",pos,78294.48194737121
Amm,210916_Smp_Amm-Deep-Morn-T0-A-noIS-neg.mzML,"Taurine, 2H4",neg,148850.57953860762
Amm,210916_Smp_Amm-Deep-Morn-T0-A-noIS-pos.mzML,"L-Phenylalanine, 2H8",pos,39483.86686937573
Amm,210916_Smp_Amm-Deep-Morn-T0-A-noIS-pos.mzML,"Taurine, 2H4",pos,43133.87418808757
Amm,210916_Smp_Amm-Deep-Morn-T0-B-noIS-neg.mzML,"Taurine, 2H4",neg,149665.11178279796
Amm,210916_Smp_Amm-Deep-Morn-T0-B-noIS-pos.mzML,"L-Phenylalanine, 2H8",pos,39487.0319119099
Amm,210916_Smp_Amm-Deep-Morn-T0-B-noIS-pos.mzML,"Taurine, 2H4",pos,47021.301083444734
Amm,210916_Smp_Amm-Deep-Morn-T0-C-noIS-neg.mzML,"Taurine, 2H4",neg,252869.98837763304
Amm,210916_Smp_Amm-Deep-Morn-T0-C-noIS-pos.mzML,"L-Phenylalanine, 2H8",pos,62069.41315559216
Amm,210916_Smp_Amm-Deep-Morn-T0-C-noIS-pos.mzML,"Taurine, 2H4",pos,93866.16973868656
Amm,210916_Smp_Amm-Deep-Morn-T1-A-noIS-neg.mzML,"Taurine, 2H4",neg,126864.36005335207
Amm,210916_Smp_Amm-Deep-Morn-T1-A-noIS-pos.mzML,"L-Phenylalanine, 2H8",pos,30867.736751377037
Amm,210916_Smp_Amm-Deep-Morn-T1-A-noIS-pos.mzML,"Taurine, 2H4",pos,39873.93748318419
Amm,210916_Smp_Amm-Deep-Morn-T1-B-noIS-neg.mzML,"Taurine, 2H4",neg,152735.6409494266
Amm,210916_Smp_Amm-Deep-Morn-T1-B-noIS-pos.mzML,"L-Phenylalanine, 2H8",pos,42198.18402424474
Amm,210916_Smp_Amm-Deep-Morn-T1-B-noIS-pos.mzML,"Taurine, 2H4",pos,49670.69648635631
Amm,210916_Smp_Amm-Deep-Morn-T1-C-noIS-neg.mzML,"Taurine, 2H4",neg,242544.58882319697
Amm,210916_Smp_Amm-Deep-Morn-T1-C-noIS-pos.mzML,"L-Phenylalanine, 2H8",pos,57961.53103927358
Amm,210916_Smp_Amm-Deep-Morn-T1-C-noIS-pos.mzML,"Taurine, 2H4",pos,91565.60535757296
Amm,210916_Smp_Amm-Deep-Morn-T10-A-noIS-neg.mzML,"Taurine, 2H4",neg,146510.06414035027
Amm,210916_Smp_Amm-Deep-Morn-T10-A-noIS-pos.mzML,"L-Phenylalanine, 2H8",pos,64026.82382131338
Amm,210916_Smp_Amm-Deep-Morn-T10-A-noIS-pos.mzML,"Taurine, 2H4",pos,52676.774187649695
Amm,210916_Smp_Amm-Deep-Morn-T10-B-noIS-neg.mzML,"Taurine, 2H4",neg,159643.79669257044
Amm,210916_Smp_Amm-Deep-Morn-T10-B-noIS-pos.mzML,"L-Phenylalanine, 2H8",pos,40067.109316742055
Amm,210916_Smp_Amm-Deep-Morn-T10-B-noIS-pos.mzML,"Taurine, 2H4",pos,55894.22611166657
Amm,210916_Smp_Amm-Deep-Morn-T10-C-noIS-neg.mzML,"Taurine, 2H4",neg,182899.363162643
Amm,210916_Smp_Amm-Deep-Morn-T10-C-noIS-pos.mzML,"L-Phenylalanine, 2H8",pos,46779.171454410454
Amm,210916_Smp_Amm-Deep-Morn-T10-C-noIS-pos.mzML,"Taurine, 2H4",pos,66320.78469214184
Amm,210916_Smp_Amm-Deep-Morn-T26-A-noIS-neg.mzML,"Taurine, 2H4",neg,191094.10121284044
Amm,210916_Smp_Amm-Deep-Morn-T26-A-noIS-pos.mzML,"L-Phenylalanine, 2H8",pos,44532.445159041556
Amm,210916_Smp_Amm-Deep-Morn-T26-A-noIS-pos.mzML,"Taurine, 2H4",pos,52360.367523561676
Amm,210916_Smp_Amm-Deep-Morn-T26-B-noIS-neg.mzML,"Taurine, 2H4",neg,161342.98760485565
Amm,210916_Smp_Amm-Deep-Morn-T26-B-noIS-pos.mzML,"L-Phenylalanine, 2H8",pos,41132.67491416035
Amm,210916_Smp_Amm-Deep-Morn-T26-B-noIS-pos.mzML,"Taurine, 2H4",pos,50209.486052417196
Amm,210916_Smp_Amm-Deep-Morn-T26-C-noIS-neg.mzML,"Taurine, 2H4",neg,167829.31601958614
Amm,210916_Smp_Amm-Deep-Morn-T26-C-noIS-pos.mzML,"L-Phenylalanine, 2H8",pos,42724.739589444034
Amm,210916_Smp_Amm-Deep-Morn-T26-C-noIS-pos.mzML,"Taurine, 2H4",pos,57542.73519654531
Amm,210916_Smp_Amm-Deep-Morn-T3-A-noIS-neg.mzML,"Taurine, 2H4",neg,216738.69996150394
Amm,210916_Smp_Amm-Deep-Morn-T3-A-noIS-pos.mzML,"L-Phenylalanine, 2H8",pos,53318.82024817608
Amm,210916_Smp_Amm-Deep-Morn-T3-A-noIS-pos.mzML,"Taurine, 2H4",pos,80012.13575617241
Amm,210916_Smp_Amm-Deep-Morn-T3-B-noIS-neg.mzML,"Taurine, 2H4",neg,188148.08900704017
Amm,210916_Smp_Amm-Deep-Morn-T3-B-noIS-pos.mzML,"L-Phenylalanine, 2H8",pos,49735.87617702136
Amm,210916_Smp_Amm-Deep-Morn-T3-B-noIS-pos.mzML,"Taurine, 2H4",pos,67100.69675335308
Amm,210916_Smp_Amm-Deep-Morn-T3-C-noIS-neg.mzML,"Taurine, 2H4",neg,155680.01658091185
Amm,210916_Smp_Amm-Deep-Morn-T3-C-noIS-pos.mzML,"L-Phenylalanine, 2H8",pos,37409.79687111212
Amm,210916_Smp_Amm-Deep-Morn-T3-C-noIS-pos.mzML,"Taurine, 2H4",pos,44916.01550652501
Amm,210916_Smp_Amm-Surf-Eve-T0-A-noIS-neg.mzML,"Taurine, 2H4",neg,226121.05079098267
Amm,210916_Smp_Amm-Surf-Eve-T0-A-noIS-pos.mzML,"L-Phenylalanine, 2H8",pos,72165.018663763
Amm,210916_Smp_Amm-Surf-Eve-T0-A-noIS-pos.mzML,"Taurine, 2H4",pos,95416.78615559949
Amm,210916_Smp_Amm-Surf-Eve-T0-B-noIS-neg.mzML,"Taurine, 2H4",neg,125238.34261491898
Amm,210916_Smp_Amm-Surf-Eve-T0-B-noIS-pos.mzML,"L-Phenylalanine, 2H8",pos,40358.66763640073
Amm,210916_Smp_Amm-Surf-Eve-T0-B-noIS-pos.mzML,"Taurine, 2H4",pos,37246.690886094075
Amm,210916_Smp_Amm-Surf-Eve-T0-C-noIS-neg.mzML,"Taurine, 2H4",neg,157606.14686707302
Amm,210916_Smp_Amm-Surf-Eve-T0-C-noIS-pos.mzML,"L-Phenylalanine, 2H8",pos,47464.90017508571
Amm,210916_Smp_Amm-Surf-Eve-T0-C-noIS-pos.mzML,"Taurine, 2H4",pos,58104.29795312541
Amm,210916_Smp_Amm-Surf-Eve-T1-A-noIS-neg.mzML,"Taurine, 2H4",neg,153926.47513322267
Amm,210916_Smp_Amm-Surf-Eve-T1-A-noIS-pos.mzML,"L-Phenylalanine, 2H8",pos,47147.5494521193
Amm,210916_Smp_Amm-Surf-Eve-T1-A-noIS-pos.mzML,"Taurine, 2H4",pos,56274.6816067668
Amm,210916_Smp_Amm-Surf-Eve-T1-B-noIS-neg.mzML,"Taurine, 2H4",neg,199800.7224781136
Amm,210916_Smp_Amm-Surf-Eve-T1-B-noIS-pos.mzML,"L-Phenylalanine, 2H8",pos,53857.12618215556
Amm,210916_Smp_Amm-Surf-Eve-T1-B-noIS-pos.mzML,"Taurine, 2H4",pos,73164.65027078423
Amm,210916_Smp_Amm-Surf-Eve-T1-C-noIS-neg.mzML,"Taurine, 2H4",neg,176156.60479805604
Amm,210916_Smp_Amm-Surf-Eve-T1-C-noIS-pos.mzML,"L-Phenylalanine, 2H8",pos,50131.74425168829
Amm,210916_Smp_Amm-Surf-Eve-T1-C-noIS-pos.mzML,"Taurine, 2H4",pos,60894.54038674666
Amm,210916_Smp_Amm-Surf-Eve-T10-A-noIS-neg.mzML,"Taurine, 2H4",neg,138727.07820267617
Amm,210916_Smp_Amm-Surf-Eve-T10-A-noIS-pos.mzML,"L-Phenylalanine, 2H8",pos,35209.2588704566
Amm,210916_Smp_Amm-Surf-Eve-T10-A-noIS-pos.mzML,"Taurine, 2H4",pos,41174.8224345544
Amm,210916_Smp_Amm-Surf-Eve-T10-B-noIS-neg.mzML,"Taurine, 2H4",neg,167951.3325410657
Amm,210916_Smp_Amm-Surf-Eve-T10-B-noIS-pos.mzML,"L-Phenylalanine, 2H8",pos,46337.50562298378
Amm,210916_Smp_Amm-Surf-Eve-T10-B-noIS-pos.mzML,"Taurine, 2H4",pos,61906.63596993185
Amm,210916_Smp_Amm-Surf-Eve-T10-C-noIS-neg.mzML,"Taurine, 2H4",neg,238490.4781304766
Amm,210916_Smp_Amm-Surf-Eve-T10-C-noIS-pos.mzML,"L-Phenylalanine, 2H8",pos,53478.82032005352
Amm,210916_Smp_Amm-Surf-Eve-T10-C-noIS-pos.mzML,"Taurine, 2H4",pos,89296.59045267629
Amm,210916_Smp_Amm-Surf-Eve-T26-A-noIS-neg.mzML,"Taurine, 2H4",neg,151210.44723740304
Amm,210916_Smp_Amm-Surf-Eve-T26-A-noIS-pos.mzML,"L-Phenylalanine, 2H8",pos,45241.24114586019
Amm,210916_Smp_Amm-Surf-Eve-T26-A-noIS-pos.mzML,"Taurine, 2H4",pos,59865.18257876055
Amm,210916_Smp_Amm-Surf-Eve-T26-B-noIS-neg.mzML,"Taurine, 2H4",neg,149762.83465660573
Amm,210916_Smp_Amm-Surf-Eve-T26-B-noIS-pos.mzML,"L-Phenylalanine, 2H8",pos,40912.94021399255
Amm,210916_Smp_Amm-Surf-Eve-T26-B-noIS-pos.mzML,"Taurine, 2H4",pos,54878.68541593885
Amm,210916_Smp_Amm-Surf-Eve-T26-C-noIS-neg.mzML,"Taurine, 2H4",neg,144233.68211175696
Amm,210916_Smp_Amm-Surf-Eve-T26-C-noIS-pos.mzML,"L-Phenylalanine, 2H8",pos,38773.19371730255
Amm,210916_Smp_Amm-Surf-Eve-T26-C-noIS-pos.mzML,"Taurine, 2H4",pos,45505.20841475421
Amm,210916_Smp_Amm-Surf-Eve-T3-A-noIS-neg.mzML,"Taurine, 2H4",neg,225301.157158878
Amm,210916_Smp_Amm-Surf-Eve-T3-A-noIS-pos.mzML,"L-Phenylalanine, 2H8",pos,42676.391203254396
Amm,210916_Smp_Amm-Surf-Eve-T3-A-noIS-pos.mzML,"Taurine, 2H4",pos,66648.43087751466
Amm,210916_Smp_Amm-Surf-Eve-T3-B-noIS-neg.mzML,"Taurine, 2H4",neg,188930.26215168778
Amm,210916_Smp_Amm-Surf-Eve-T3-B-noIS-pos.mzML,"L-Phenylalanine, 2H8",pos,37647.71508483504
Amm,210916_Smp_Amm-Surf-Eve-T3-B-noIS-pos.mzML,"Taurine, 2H4",pos,59552.90574007045
Amm,210916_Smp_Amm-Surf-Eve-T3-C-noIS-neg.mzML,"Taurine, 2H4",neg,192163.68745975953
Amm,210916_Smp_Amm-Surf-Eve-T3-C-noIS-pos.mzML,"L-Phenylalanine, 2H8",pos,52491.61998993827
Amm,210916_Smp_Amm-Surf-Eve-T3-C-noIS-pos.mzML,"Taurine, 2H4",pos,70229.090514196
Amm,210916_Smp_Amm-Surf-Morn-T0-A-noIS-neg.mzML,"Taurine, 2H4",neg,220287.56067876742
Amm,210916_Smp_Amm-Surf-Morn-T0-A-noIS-pos.mzML,"L-Phenylalanine, 2H8",pos,56774.22096163497
Amm,210916_Smp_Amm-Surf-Morn-T0-A-noIS-pos.mzML,"Taurine, 2H4",pos,82210.93006366937
Amm,210916_Smp_Amm-Surf-Morn-T0-B-noIS-neg.mzML,"Taurine, 2H4",neg,173071.92705599626
Amm,210916_Smp_Amm-Surf-Morn-T0-B-noIS-pos.mzML,"L-Phenylalanine, 2H8",pos,49891.66435199304
Amm,210916_Smp_Amm-Surf-Morn-T0-B-noIS-pos.mzML,"Taurine, 2H4",pos,61953.990497555504
Amm,210916_Smp_Amm-Surf-Morn-T0-C-noIS-neg.mzML,"Taurine, 2H4",neg,165737.6384900886
Amm,210916_Smp_Amm-Surf-Morn-T0-C-noIS-pos.mzML,"L-Phenylalanine, 2H8",pos,39491.923263715034
Amm,210916_Smp_Amm-Surf-Morn-T0-C-noIS-pos.mzML,"Taurine, 2H4",pos,55687.71209402854
Amm,210916_Smp_Amm-Surf-Morn-T1-A-noIS-neg.mzML,"Taurine, 2H4",neg,118423.03091235456
Amm,210916_Smp_Amm-Surf-Morn-T1-A-noIS-pos.mzML,"L-Phenylalanine, 2H8",pos,38318.99083079155
Amm,210916_Smp_Amm-Surf-Morn-T1-A-noIS-pos.mzML,"Taurine, 2H4",pos,35586.76344406017
Amm,210916_Smp_Amm-Surf-Morn-T1-B-noIS-neg.mzML,"Taurine, 2H4",neg,149020.75224593317
Amm,210916_Smp_Amm-Surf-Morn-T1-B-noIS-pos.mzML,"L-Phenylalanine, 2H8",pos,44918.131134328745
Amm,210916_Smp_Amm-Surf-Morn-T1-B-noIS-pos.mzML,"Taurine, 2H4",pos,41480.95370920429
Amm,210916_Smp_Amm-Surf-Morn-T1-C-noIS-neg.mzML,"Taurine, 2H4",neg,161648.81728897922
Amm,210916_Smp_Amm-Surf-Morn-T1-C-noIS-pos.mzML,"L-Phenylalanine, 2H8",pos,39468.41489234372
Amm,210916_Smp_Amm-Surf-Morn-T1-C-noIS-pos.mzML,"Taurine, 2H4",pos,42772.39754712169
Amm,210916_Smp_Amm-Surf-Morn-T10-A-noIS-neg.mzML,"Taurine, 2H4",neg,189731.38733041624
Amm,210916_Smp_Amm-Surf-Morn-T10-A-noIS-pos.mzML,"L-Phenylalanine, 2H8",pos,54117.28543998131
Amm,210916_Smp_Amm-Surf-Morn-T10-A-noIS-pos.mzML,"Taurine, 2H4",pos,68856.31265573854
Amm,210916_Smp_Amm-Surf-Morn-T10-B-noIS-neg.mzML,"Taurine, 2H4",neg,251741.63116358855
Amm,210916_Smp_Amm-Surf-Morn-T10-B-noIS-pos.mzML,"L-Phenylalanine, 2H8",pos,63227.329920247605
Amm,210916_Smp_Amm-Surf-Morn-T10-B-noIS-pos.mzML,"Taurine, 2H4",pos,100318.09080564516
Amm,210916_Smp_Amm-Surf-Morn-T10-C-noIS-neg.mzML,"Taurine, 2H4",neg,163871.4277361747
Amm,210916_Smp_Amm-Surf-Morn-T10-C-noIS-pos.mzML,"L-Phenylalanine, 2H8",pos,41518.69419494482
Amm,210916_Smp_Amm-Surf-Morn-T10-C-noIS-pos.mzML,"Taurine, 2H4",pos,50033.599174912684
Amm,210916_Smp_Amm-Surf-Morn-T26-A-noIS-neg.mzML,"Taurine, 2H4",neg,163356.32097201076
Amm,210916_Smp_Amm-Surf-Morn-T26-A-noIS-pos.mzML,"L-Phenylalanine, 2H8",pos,41509.17880376786
Amm,210916_Smp_Amm-Surf-Morn-T26-A-noIS-pos.mzML,"Taurine, 2H4",pos,47759.71349102968
Amm,210916_Smp_Amm-Surf-Morn-T26-B-noIS-neg.mzML,"Taurine, 2H4",neg,143231.94125210802
Amm,210916_Smp_Amm-Surf-Morn-T26-B-noIS-pos.mzML,"L-Phenylalanine, 2H8",pos,48114.93471636636
Amm,210916_Smp_Amm-Surf-Morn-T26-B-noIS-pos.mzML,"Taurine, 2H4",pos,53663.79746400334
Amm,210916_Smp_Amm-Surf-Morn-T26-C-noIS-neg.mzML,"Taurine, 2H4",neg,170316.5118911599
Amm,210916_Smp_Amm-Surf-Morn-T26-C-noIS-pos.mzML,"L-Phenylalanine, 2H8",pos,43392.51052530368
Amm,210916_Smp_Amm-Surf-Morn-T26-C-noIS-pos.mzML,"Taurine, 2H4",pos,61631.68236312946
Amm,210916_Smp_Amm-Surf-Morn-T3-A-noIS-neg.mzML,"Taurine, 2H4",neg,146815.00550359543
Amm,210916_Smp_Amm-Surf-Morn-T3-A-noIS-pos.mzML,"L-Phenylalanine, 2H8",pos,36709.866186315616
Amm,210916_Smp_Amm-Surf-Morn-T3-A-noIS-pos.mzML,"Taurine, 2H4",pos,52445.196873014735
Amm,210916_Smp_Amm-Surf-Morn-T3-B-noIS-neg.mzML,"Taurine, 2H4",neg,181329.41808978136
Amm,210916_Smp_Amm-Surf-Morn-T3-B-noIS-pos.mzML,"L-Phenylalanine, 2H8",pos,42296.63424543296
Amm,210916_Smp_Amm-Surf-Morn-T3-B-noIS-pos.mzML,"Taurine, 2H4",pos,55286.98820069212
Amm,210916_Smp_Amm-Surf-Morn-T3-C-noIS-neg.mzML,"Taurine, 2H4",neg,231119.7954432352
Amm,210916_Smp_Amm-Surf-Morn-T3-C-noIS-pos.mzML,"L-Phenylalanine, 2H8",pos,57109.85774422587
Amm,210916_Smp_Amm-Surf-Morn-T3-C-noIS-pos.mzML,"Taurine, 2H4",pos,90240.54360022968
Amm,210916_Smp_Amm_Blk_A-noIS-neg.mzML,"Taurine, 2H4",neg,180088.49672161439
Amm,210916_Smp_Amm_Blk_A-noIS-pos.mzML,"L-Phenylalanine, 2H8",pos,44865.59435653531
Amm,210916_Smp_Amm_Blk_A-noIS-pos.mzML,"Taurine, 2H4",pos,63592.57743983488
Amm,210916_Std_4uMStdsMix1InMatrix_1.mzML,"L-Phenylalanine, 2H8",pos,44719.23715422383
Amm,210916_Std_4uMStdsMix1InMatrix_1.mzML,"Taurine, 2H4",neg,166056.34977035286
Amm,210916_Std_4uMStdsMix1InMatrix_1.mzML,"Taurine, 2H4",pos,38821.47113993531
Amm,210916_Std_4uMStdsMix1InMatrix_2.mzML,"L-Phenylalanine, 2H8",pos,54765.50907796836
Amm,210916_Std_4uMStdsMix1InMatrix_2.mzML,"Taurine, 2H4",neg,263625.7266609691
Amm,210916_Std_4uMStdsMix1InMatrix_2.mzML,"Taurine, 2H4",pos,97262.56540418223
Amm,210916_Std_4uMStdsMix2InMatrix_1.mzML,"L-Phenylalanine, 2H8",pos,46086.311631578654
Amm,210916_Std_4uMStdsMix2InMatrix_1.mzML,"Taurine, 2H4",neg,112104.24420181499
Amm,210916_Std_4uMStdsMix2InMatrix_1.mzML,"Taurine, 2H4",pos,39878.89721555124
Amm,210916_Std_4uMStdsMix2InMatrix_2.mzML,"L-Phenylalanine, 2H8",pos,61586.944669757904
Amm,210916_Std_4uMStdsMix2InMatrix_2.mzML,"Taurine, 2H4",neg,195609.99098049803
Amm,210916_Std_4uMStdsMix2InMatrix_2.mzML,"Taurine, 2H4",pos,98092.35441175872
Amm,210916_Std_H2OInMatrix_1.mzML,"L-Phenylalanine, 2H8",pos,43861.10316818032
Amm,210916_Std_H2OInMatrix_1.mzML,"Taurine, 2H4",neg,103130.91263543963
Amm,210916_Std_H2OInMatrix_1.mzML,"Taurine, 2H4",pos,35610.714737579314
Amm,210916_Std_H2OInMatrix_2.mzML,"L-Phenylalanine, 2H8",pos,66893.18748039014
Amm,210916_Std_H2OInMatrix_2.mzML,"Taurine, 2H4",neg,303056.22874376056
Amm,210916_Std_H2OInMatrix_2.mzML,"Taurine, 2H4",pos,108348.3775053094
Arg,220729_Poo_TruePooArg-noIS-neg-Full_1.mzML,"Taurine, 2H4",neg,57840.05546744991
Arg,220729_Poo_TruePooArg-noIS-neg-Full_2.mzML,"Taurine, 2H4",neg,72946.29754191723
Arg,220729_Poo_TruePooArg-noIS-neg-Full_3.mzML,"Taurine, 2H4",neg,70722.97494519866
Arg,220729_Poo_TruePooArg-noIS-neg-Full_4.mzML,"Taurine, 2H4",neg,71780.25837383968
Arg,220729_Poo_TruePooArg-noIS-neg-Full_5.mzML,"Taurine, 2H4",neg,81193.8713895721
Arg,220729_Poo_TruePooArg-noIS-neg-Half_1.mzML,"Taurine, 2H4",neg,46209.98249766904
Arg,220729_Poo_TruePooArg-noIS-neg-Half_2.mzML,"Taurine, 2H4",neg,48113.534734017914
Arg,220729_Poo_TruePooArg-noIS-neg-Half_3.mzML,"Taurine, 2H4",neg,40785.49825601872
Arg,220729_Poo_TruePooArg-noIS-neg-Half_4.mzML,"Taurine, 2H4",neg,52816.55804303245
Arg,220729_Poo_TruePooArg-noIS-neg-Half_5.mzML,"Taurine, 2H4",neg,56026.277431933
Arg,220729_Poo_TruePooArg-noIS-pos-Full_1.mzML,"L-Phenylalanine, 2H8",pos,38719.010340345565
Arg,220729_Poo_TruePooArg-noIS-pos-Full_1.mzML,"Taurine, 2H4",pos,32360.6491970999
Arg,220729_Poo_TruePooArg-noIS-pos-Full_2.mzML,"L-Phenylalanine, 2H8",pos,44315.455643844565
Arg,220729_Poo_TruePooArg-noIS-pos-Full_2.mzML,"Taurine, 2H4",pos,47159.098905412706
Arg,220729_Poo_TruePooArg-noIS-pos-Full_3.mzML,"L-Phenylalanine, 2H8",pos,29098.92000343391
Arg,220729_Poo_TruePooArg-noIS-pos-Full_3.mzML,"Taurine, 2H4",pos,41499.930783005744
Arg,220729_Poo_TruePooArg-noIS-pos-Full_4.mzML,"L-Phenylalanine, 2H8",pos,47423.42466378946
Arg,220729_Poo_TruePooArg-noIS-pos-Full_4.mzML,"Taurine, 2H4",pos,46395.073796179604
Arg,220729_Poo_TruePooArg-noIS-pos-Full_5.mzML,"L-Phenylalanine, 2H8",pos,51067.792769032385
Arg,220729_Poo_TruePooArg-noIS-pos-Full_5.mzML,"Taurine, 2H4",pos,48960.14818479558
Arg,220729_Poo_TruePooArg-noIS-pos-Half_1.mzML,"L-Phenylalanine, 2H8",pos,21087.400665817233
Arg,220729_Poo_TruePooArg-noIS-pos-Half_1.mzML,"Taurine, 2H4",pos,23002.373983486
Arg,220729_Poo_TruePooArg-noIS-pos-Half_2.mzML,"L-Phenylalanine, 2H8",pos,17513.761192606038
Arg,220729_Poo_TruePooArg-noIS-pos-Half_2.mzML,"Taurine, 2H4",pos,22434.54804780569
Arg,220729_Poo_TruePooArg-noIS-pos-Half_3.mzML,"L-Phenylalanine, 2H8",pos,14693.412723499137
Arg,220729_Poo_TruePooArg-noIS-pos-Half_3.mzML,"Taurine, 2H4",pos,21857.399980527513
Arg,220729_Poo_TruePooArg-noIS-pos-Half_4.mzML,"L-Phenylalanine, 2H8",pos,19601.974973617736
Arg,220729_Poo_TruePooArg-noIS-pos-Half_4.mzML,"Taurine, 2H4",pos,37567.13458847929
Arg,220729_Poo_TruePooArg-noIS-pos-Half_5.mzML,"L-Phenylalanine, 2H8",pos,21266.882450885165
Arg,220729_Poo_TruePooArg-noIS-pos-Half_5.mzML,"Taurine, 2H4",pos,40581.971627950836
Arg,220729_Smp_Arg-Deep-Eve-T0-A-noIS-neg.mzML,"Taurine, 2H4",neg,81984.92803547786
Arg,220729_Smp_Arg-Deep-Eve-T0-A-noIS-pos.mzML,"L-Phenylalanine, 2H8",pos,47535.251903106975
Arg,220729_Smp_Arg-Deep-Eve-T0-A-noIS-pos.mzML,"Taurine, 2H4",pos,63191.05570966344
Arg,220729_Smp_Arg-Deep-Eve-T0-B-noIS-neg.mzML,"Taurine, 2H4",neg,78016.58749562688
Arg,220729_Smp_Arg-Deep-Eve-T0-B-noIS-pos.mzML,"L-Phenylalanine, 2H8",pos,32551.56220191946
Arg,220729_Smp_Arg-Deep-Eve-T0-B-noIS-pos.mzML,"Taurine, 2H4",pos,55630.72835130704
Arg,220729_Smp_Arg-Deep-Eve-T0-C-noIS-neg.mzML,"Taurine, 2H4",neg,68474.0798138762
Arg,220729_Smp_Arg-Deep-Eve-T0-C-noIS-pos.mzML,"L-Phenylalanine, 2H8",pos,40017.406339181405
Arg,220729_Smp_Arg-Deep-Eve-T0-C-noIS-pos.mzML,"Taurine, 2H4",pos,45954.998287882154
Arg,220729_Smp_Arg-Deep-Eve-T10-A-noIS-neg.mzML,"Taurine, 2H4",neg,68178.73223912429
Arg,220729_Smp_Arg-Deep-Eve-T10-A-noIS-pos.mzML,"L-Phenylalanine, 2H8",pos,37188.83137354079
Arg,220729_Smp_Arg-Deep-Eve-T10-A-noIS-pos.mzML,"Taurine, 2H4",pos,43492.94613279651
Arg,220729_Smp_Arg-Deep-Eve-T10-B-noIS-neg.mzML,"Taurine, 2H4",neg,59668.39405388433
Arg,220729_Smp_Arg-Deep-Eve-T10-B-noIS-pos.mzML,"L-Phenylalanine, 2H8",pos,46654.2168512301
Arg,220729_Smp_Arg-Deep-Eve-T10-B-noIS-pos.mzML,"Taurine, 2H4",pos,43353.61205976604
Arg,220729_Smp_Arg-Deep-Eve-T10-C-noIS-neg.mzML,"Taurine, 2H4",neg,88358.82920483666
Arg,220729_Smp_Arg-Deep-Eve-T10-C-noIS-pos.mzML,"L-Phenylalanine, 2H8",pos,46683.660704576476
Arg,220729_Smp_Arg-Deep-Eve-T10-C-noIS-pos.mzML,"Taurine, 2H4",pos,58335.484569485176
Arg,220729_Smp_Arg-Deep-Eve-T26-A-noIS-neg.mzML,"Taurine, 2H4",neg,76636.06730758773
Arg,220729_Smp_Arg-Deep-Eve-T26-A-noIS-pos.mzML,"L-Phenylalanine, 2H8",pos,33189.14567781807
Arg,220729_Smp_Arg-Deep-Eve-T26-A-noIS-pos.mzML,"Taurine, 2H4",pos,45344.38705389554
Arg,220729_Smp_Arg-Deep-Eve-T26-B-noIS-neg.mzML,"Taurine, 2H4",neg,97618.28334284671
Arg,220729_Smp_Arg-Deep-Eve-T26-B-noIS-pos.mzML,"L-Phenylalanine, 2H8",pos,45652.060180544315
Arg,220729_Smp_Arg-Deep-Eve-T26-B-noIS-pos.mzML,"Taurine, 2H4",pos,55679.069701036984
Arg,220729_Smp_Arg-Deep-Eve-T26-C-noIS-neg.mzML,"Taurine, 2H4",neg,104920.28203082616
Arg,220729_Smp_Arg-Deep-Eve-T26-C-noIS-pos.mzML,"L-Phenylalanine, 2H8",pos,38940.8690344875
Arg,220729_Smp_Arg-Deep-Eve-T26-C-noIS-pos.mzML,"Taurine, 2H4",pos,72944.34951779728
Arg,220729_Smp_Arg-Deep-Eve-T3-A-noIS-neg.mzML,"Taurine, 2H4",neg,95830.17675604393
Arg,220729_Smp_Arg-Deep-Eve-T3-A-noIS-pos.mzML,"L-Phenylalanine, 2H8",pos,55936.0239352533
Arg,220729_Smp_Arg-Deep-Eve-T3-A-noIS-pos.mzML,"Taurine, 2H4",pos,49762.5198688523
Arg,220729_Smp_Arg-Deep-Eve-T3-B-noIS-neg.mzML,"Taurine, 2H4",neg,75160.20978027649
Arg,220729_Smp_Arg-Deep-Eve-T3-B-noIS-pos.mzML,"L-Phenylalanine, 2H8",pos,38454.67433971028
Arg,220729_Smp_Arg-Deep-Eve-T3-B-noIS-pos.mzML,"Taurine, 2H4",pos,38681.99490354408
Arg,220729_Smp_Arg-Deep-Eve-T3-C-noIS-neg.mzML,"Taurine, 2H4",neg,93234.98986020469
Arg,220729_Smp_Arg-Deep-Eve-T3-C-noIS-pos.mzML,"L-Phenylalanine, 2H8",pos,48862.5948289138
Arg,220729_Smp_Arg-Deep-Eve-T3-C-noIS-pos.mzML,"Taurine, 2H4",pos,59203.9009159592
Arg,220729_Smp_Arg-Deep-Eve-T73-A-noIS-neg.mzML,"Taurine, 2H4",neg,44675.56822437468
Arg,220729_Smp_Arg-Deep-Eve-T73-A-noIS-pos.mzML,"L-Phenylalanine, 2H8",pos,44048.7382088835
Arg,220729_Smp_Arg-Deep-Eve-T73-A-noIS-pos.mzML,"Taurine, 2H4",pos,37332.11925207453
Arg,220729_Smp_Arg-Deep-Eve-T73-B-noIS-neg.mzML,"Taurine, 2H4",neg,44468.69969655569
Arg,220729_Smp_Arg-Deep-Eve-T73-B-noIS-pos.mzML,"L-Phenylalanine, 2H8",pos,34370.11901237385
Arg,220729_Smp_Arg-Deep-Eve-T73-B-noIS-pos.mzML,"Taurine, 2H4",pos,30307.085841046654
Arg,220729_Smp_Arg-Deep-Eve-T73-C-noIS-neg.mzML,"Taurine, 2H4",neg,87303.09572267428
Arg,220729_Smp_Arg-Deep-Eve-T73-C-noIS-pos.mzML,"L-Phenylalanine, 2H8",pos,40563.80831081548
Arg,220729_Smp_Arg-Deep-Eve-T73-C-noIS-pos.mzML,"Taurine, 2H4",pos,67177.74653744513
Arg,220729_Smp_Arg-Deep-Morn-T0-A-noIS-neg.mzML,"Taurine, 2H4",neg,69624.00616504639
Arg,220729_Smp_Arg-Deep-Morn-T0-A-noIS-pos.mzML,"L-Phenylalanine, 2H8",pos,34417.10791720896
Arg,220729_Smp_Arg-Deep-Morn-T0-A-noIS-pos.mzML,"Taurine, 2H4",pos,44406.18230785987
Arg,220729_Smp_Arg-Deep-Morn-T0-B-noIS-neg.mzML,"Taurine, 2H4",neg,75561.9258813902
Arg,220729_Smp_Arg-Deep-Morn-T0-B-noIS-pos.mzML,"L-Phenylalanine, 2H8",pos,47634.67418802406
Arg,220729_Smp_Arg-Deep-Morn-T0-B-noIS-pos.mzML,"Taurine, 2H4",pos,47891.57925875974
Arg,220729_Smp_Arg-Deep-Morn-T0-C-noIS-neg.mzML,"Taurine, 2H4",neg,69832.37603402771
Arg,220729_Smp_Arg-Deep-Morn-T0-C-noIS-pos.mzML,"L-Phenylalanine, 2H8",pos,44519.46102364327
Arg,220729_Smp_Arg-Deep-Morn-T0-C-noIS-pos.mzML,"Taurine, 2H4",pos,43149.2987693829
Arg,220729_Smp_Arg-Deep-Morn-T10-A-noIS-neg.mzML,"Taurine, 2H4",neg,85880.45362093071
Arg,220729_Smp_Arg-Deep-Morn-T10-A-noIS-pos.mzML,"L-Phenylalanine, 2H8",pos,46362.03264644725
Arg,220729_Smp_Arg-Deep-Morn-T10-A-noIS-pos.mzML,"Taurine, 2H4",pos,50396.594876874675
Arg,220729_Smp_Arg-Deep-Morn-T10-B-noIS-neg.mzML,"Taurine, 2H4",neg,63739.4956228952
Arg,220729_Smp_Arg-Deep-Morn-T10-B-noIS-pos.mzML,"L-Phenylalanine, 2H8",pos,35719.51468213501
Arg,220729_Smp_Arg-Deep-Morn-T10-B-noIS-pos.mzML,"Taurine, 2H4",pos,45915.727678793606
Arg,220729_Smp_Arg-Deep-Morn-T10-C-noIS-neg.mzML,"Taurine, 2H4",neg,76293.48464496143
Arg,220729_Smp_Arg-Deep-Morn-T10-C-noIS-pos.mzML,"L-Phenylalanine, 2H8",pos,36027.406047855206
Arg,220729_Smp_Arg-Deep-Morn-T10-C-noIS-pos.mzML,"Taurine, 2H4",pos,53737.40037791696
Arg,220729_Smp_Arg-Deep-Morn-T26-A-noIS-neg.mzML,"Taurine, 2H4",neg,65680.10425079777
Arg,220729_Smp_Arg-Deep-Morn-T26-A-noIS-pos.mzML,"L-Phenylalanine, 2H8",pos,40870.29626116348
Arg,220729_Smp_Arg-Deep-Morn-T26-A-noIS-pos.mzML,"Taurine, 2H4",pos,44483.08870225953
Arg,220729_Smp_Arg-Deep-Morn-T26-B-noIS-neg.mzML,"Taurine, 2H4",neg,89538.69939325514
Arg,220729_Smp_Arg-Deep-Morn-T26-B-noIS-pos.mzML,"L-Phenylalanine, 2H8",pos,43038.08970748248
Arg,220729_Smp_Arg-Deep-Morn-T26-B-noIS-pos.mzML,"Taurine, 2H4",pos,43698.92074823031
Arg,220729_Smp_Arg-Deep-Morn-T26-C-noIS-neg.mzML,"Taurine, 2H4",neg,80417.81121197825
Arg,220729_Smp_Arg-Deep-Morn-T26-C-noIS-pos.mzML,"L-Phenylalanine, 2H8",pos,34390.112761890894
Arg,220729_Smp_Arg-Deep-Morn-T26-C-noIS-pos.mzML,"Taurine, 2H4",pos,40762.35795402937
Arg,220729_Smp_Arg-Deep-Morn-T3-A-noIS-neg.mzML,"Taurine, 2H4",neg,97688.3170007225
Arg,220729_Smp_Arg-Deep-Morn-T3-A-noIS-pos.mzML,"L-Phenylalanine, 2H8",pos,44658.88764553074
Arg,220729_Smp_Arg-Deep-Morn-T3-A-noIS-pos.mzML,"Taurine, 2H4",pos,56810.022186491966
Arg,220729_Smp_Arg-Deep-Morn-T3-B-noIS-neg.mzML,"Taurine, 2H4",neg,85991.42951149422
Arg,220729_Smp_Arg-Deep-Morn-T3-B-noIS-pos.mzML,"L-Phenylalanine, 2H8",pos,53223.42276255874
Arg,220729_Smp_Arg-Deep-Morn-T3-B-noIS-pos.mzML,"Taurine, 2H4",pos,48916.565442049316
Arg,220729_Smp_Arg-Deep-Morn-T3-C-noIS-neg.mzML,"Taurine, 2H4",neg,90605.42160763658
Arg,220729_Smp_Arg-Deep-Morn-T3-C-noIS-pos.mzML,"L-Phenylalanine, 2H8",pos,43400.20654541667
Arg,220729_Smp_Arg-Deep-Morn-T3-C-noIS-pos.mzML,"Taurine, 2H4",pos,47518.59118866223
Arg,220729_Smp_Arg-Deep-Morn-T73-A-noIS-neg.mzML,"Taurine, 2H4",neg,72137.94245541115
Arg,220729_Smp_Arg-Deep-Morn-T73-A-noIS-pos.mzML,"L-Phenylalanine, 2H8",pos,41605.41453495495
Arg,220729_Smp_Arg-Deep-Morn-T73-A-noIS-pos.mzML,"Taurine, 2H4",pos,39301.759892454305
Arg,220729_Smp_Arg-Deep-Morn-T73-B-noIS-neg.mzML,"Taurine, 2H4",neg,85128.29416883194
Arg,220729_Smp_Arg-Deep-Morn-T73-B-noIS-pos.mzML,"L-Phenylalanine, 2H8",pos,39818.302358105386
Arg,220729_Smp_Arg-Deep-Morn-T73-B-noIS-pos.mzML,"Taurine, 2H4",pos,39079.15261395432
Arg,220729_Smp_Arg-Deep-Morn-T73-C-noIS-neg.mzML,"Taurine, 2H4",neg,86330.22879097576
Arg,220729_Smp_Arg-Deep-Morn-T73-C-noIS-pos.mzML,"L-Phenylalanine, 2H8",pos,42811.61129103668
Arg,220729_Smp_Arg-Deep-Morn-T73-C-noIS-pos.mzML,"Taurine, 2H4",pos,44029.70565966254
Arg,220729_Smp_Arg-Surf-Eve-T0-A-noIS-neg.mzML,"Taurine, 2H4",neg,75124.6058978118
Arg,220729_Smp_Arg-Surf-Eve-T0-A-noIS-pos.mzML,"L-Phenylalanine, 2H8",pos,45830.69059088254
Arg,220729_Smp_Arg-Surf-Eve-T0-A-noIS-pos.mzML,"Taurine, 2H4",pos,42757.42752481327
Arg,220729_Smp_Arg-Surf-Eve-T0-B-noIS-neg.mzML,"Taurine, 2H4",neg,80839.49537020602
Arg,220729_Smp_Arg-Surf-Eve-T0-B-noIS-pos.mzML,"L-Phenylalanine, 2H8",pos,43035.388504633745
Arg,220729_Smp_Arg-Surf-Eve-T0-B-noIS-pos.mzML,"Taurine, 2H4",pos,45141.85292494274
Arg,220729_Smp_Arg-Surf-Eve-T0-C-noIS-neg.mzML,"Taurine, 2H4",neg,70382.11310643665
Arg,220729_Smp_Arg-Surf-Eve-T0-C-noIS-pos.mzML,"L-Phenylalanine, 2H8",pos,43826.869694892215
Arg,220729_Smp_Arg-Surf-Eve-T0-C-noIS-pos.mzML,"Taurine, 2H4",pos,40085.979484383875
Arg,220729_Smp_Arg-Surf-Eve-T10-A-noIS-neg.mzML,"Taurine, 2H4",neg,92865.67664242745
Arg,220729_Smp_Arg-Surf-Eve-T10-A-noIS-pos.mzML,"L-Phenylalanine, 2H8",pos,51381.79407463127
Arg,220729_Smp_Arg-Surf-Eve-T10-A-noIS-pos.mzML,"Taurine, 2H4",pos,68989.87169081379
Arg,220729_Smp_Arg-Surf-Eve-T10-B-noIS-neg.mzML,"Taurine, 2H4",neg,80047.23591564034
Arg,220729_Smp_Arg-Surf-Eve-T10-B-noIS-pos.mzML,"L-Phenylalanine, 2H8",pos,51738.453417605786
Arg,220729_Smp_Arg-Surf-Eve-T10-B-noIS-pos.mzML,"Taurine, 2H4",pos,45604.858316513986
Arg,220729_Smp_Arg-Surf-Eve-T10-C-noIS-neg.mzML,"Taurine, 2H4",neg,57259.410057261564
Arg,220729_Smp_Arg-Surf-Eve-T10-C-noIS-pos.mzML,"L-Phenylalanine, 2H8",pos,38349.476226939565
Arg,220729_Smp_Arg-Surf-Eve-T10-C-noIS-pos.mzML,"Taurine, 2H4",pos,42400.285066645374
Arg,220729_Smp_Arg-Surf-Eve-T26-A-noIS-neg.mzML,"Taurine, 2H4",neg,76880.76446938797
Arg,220729_Smp_Arg-Surf-Eve-T26-A-noIS-pos.mzML,"L-Phenylalanine, 2H8",pos,41021.73827396708
Arg,220729_Smp_Arg-Surf-Eve-T26-A-noIS-pos.mzML,"Taurine, 2H4",pos,44641.57831771976
Arg,220729_Smp_Arg-Surf-Eve-T26-B-noIS-neg.mzML,"Taurine, 2H4",neg,79098.05442098701
Arg,220729_Smp_Arg-Surf-Eve-T26-B-noIS-pos.mzML,"L-Phenylalanine, 2H8",pos,36028.18652014201
Arg,220729_Smp_Arg-Surf-Eve-T26-B-noIS-pos.mzML,"Taurine, 2H4",pos,44585.60719894764
Arg,220729_Smp_Arg-Surf-Eve-T26-C-noIS-neg.mzML,"Taurine, 2H4",neg,57586.996946530795
Arg,220729_Smp_Arg-Surf-Eve-T26-C-noIS-pos.mzML,"L-Phenylalanine, 2H8",pos,37374.56634364826
Arg,220729_Smp_Arg-Surf-Eve-T26-C-noIS-pos.mzML,"Taurine, 2H4",pos,39638.997384748705
Arg,220729_Smp_Arg-Surf-Eve-T3-A-noIS-neg.mzML,"Taurine, 2H4",neg,79586.56416992117
Arg,220729_Smp_Arg-Surf-Eve-T3-A-noIS-pos.mzML,"L-Phenylalanine, 2H8",pos,34573.01335304863
Arg,220729_Smp_Arg-Surf-Eve-T3-A-noIS-pos.mzML,"Taurine, 2H4",pos,58842.286384036976
Arg,220729_Smp_Arg-Surf-Eve-T3-B-noIS-neg.mzML,"Taurine, 2H4",neg,55238.039237109464
Arg,220729_Smp_Arg-Surf-Eve-T3-B-noIS-pos.mzML,"L-Phenylalanine, 2H8",pos,34402.067204491424
Arg,220729_Smp_Arg-Surf-Eve-T3-B-noIS-pos.mzML,"Taurine, 2H4",pos,32905.632150558195
Arg,220729_Smp_Arg-Surf-Eve-T3-C-noIS-neg.mzML,"Taurine, 2H4",neg,90594.27381309442
Arg,220729_Smp_Arg-Surf-Eve-T3-C-noIS-pos.mzML,"L-Phenylalanine, 2H8",pos,43943.31093387687
Arg,220729_Smp_Arg-Surf-Eve-T3-C-noIS-pos.mzML,"Taurine, 2H4",pos,50848.27333920697
Arg,220729_Smp_Arg-Surf-Eve-T73-A-noIS-neg.mzML,"Taurine, 2H4",neg,37523.70528237038
Arg,220729_Smp_Arg-Surf-Eve-T73-A-noIS-pos.mzML,"L-Phenylalanine, 2H8",pos,31938.590410476565
Arg,220729_Smp_Arg-Surf-Eve-T73-A-noIS-pos.mzML,"Taurine, 2H4",pos,29918.927710288117
Arg,220729_Smp_Arg-Surf-Eve-T73-B-noIS-neg.mzML,"Taurine, 2H4",neg,42717.5411104937
Arg,220729_Smp_Arg-Surf-Eve-T73-B-noIS-pos.mzML,"L-Phenylalanine, 2H8",pos,40795.16379519953
Arg,220729_Smp_Arg-Surf-Eve-T73-B-noIS-pos.mzML,"Taurine, 2H4",pos,33747.784962138096
Arg,220729_Smp_Arg-Surf-Eve-T73-C-noIS-neg.mzML,"Taurine, 2H4",neg,31247.815526015183
Arg,220729_Smp_Arg-Surf-Eve-T73-C-noIS-pos.mzML,"L-Phenylalanine, 2H8",pos,34240.765471043196
Arg,220729_Smp_Arg-Surf-Eve-T73-C-noIS-pos.mzML,"Taurine, 2H4",pos,24354.306655327502
Arg,220729_Smp_Arg-Surf-Morn-T0-A-noIS-neg.mzML,"Taurine, 2H4",neg,57825.84207878979
Arg,220729_Smp_Arg-Surf-Morn-T0-A-noIS-pos.mzML,"L-Phenylalanine, 2H8",pos,37160.50080426444
Arg,220729_Smp_Arg-Surf-Morn-T0-A-noIS-pos.mzML,"Taurine, 2H4",pos,35824.074565791736
Arg,220729_Smp_Arg-Surf-Morn-T0-B-noIS-neg.mzML,"Taurine, 2H4",neg,77777.21556351712
Arg,220729_Smp_Arg-Surf-Morn-T0-B-noIS-pos.mzML,"L-Phenylalanine, 2H8",pos,48814.38197113692
Arg,220729_Smp_Arg-Surf-Morn-T0-B-noIS-pos.mzML,"Taurine, 2H4",pos,46396.86871080361
Arg,220729_Smp_Arg-Surf-Morn-T0-C-noIS-neg.mzML,"Taurine, 2H4",neg,61063.875160380296
Arg,220729_Smp_Arg-Surf-Morn-T0-C-noIS-pos.mzML,"L-Phenylalanine, 2H8",pos,48947.65510162084
Arg,220729_Smp_Arg-Surf-Morn-T0-C-noIS-pos.mzML,"Taurine, 2H4",pos,37312.78725233541
Arg,220729_Smp_Arg-Surf-Morn-T10-A-noIS-neg.mzML,"Taurine, 2H4",neg,77451.66124949639
Arg,220729_Smp_Arg-Surf-Morn-T10-A-noIS-pos.mzML,"L-Phenylalanine, 2H8",pos,42631.93035026027
Arg,220729_Smp_Arg-Surf-Morn-T10-A-noIS-pos.mzML,"Taurine, 2H4",pos,39479.20834142944
Arg,220729_Smp_Arg-Surf-Morn-T10-B-noIS-neg.mzML,"Taurine, 2H4",neg,55745.76760647298
Arg,220729_Smp_Arg-Surf-Morn-T10-B-noIS-pos.mzML,"L-Phenylalanine, 2H8",pos,41926.2313373277
Arg,220729_Smp_Arg-Surf-Morn-T10-B-noIS-pos.mzML,"Taurine, 2H4",pos,49976.446736020705
Arg,220729_Smp_Arg-Surf-Morn-T10-C-noIS-neg.mzML,"Taurine, 2H4",neg,70562.33710976767
Arg,220729_Smp_Arg-Surf-Morn-T10-C-noIS-pos.mzML,"L-Phenylalanine, 2H8",pos,45627.101848316204
Arg,220729_Smp_Arg-Surf-Morn-T10-C-noIS-pos.mzML,"Taurine, 2H4",pos,49526.75952287059
Arg,220729_Smp_Arg-Surf-Morn-T26-A-noIS-neg.mzML,"Taurine, 2H4",neg,51967.43466779051
Arg,220729_Smp_Arg-Surf-Morn-T26-A-noIS-pos.mzML,"L-Phenylalanine, 2H8",pos,36700.87408514067
Arg,220729_Smp_Arg-Surf-Morn-T26-A-noIS-pos.mzML,"Taurine, 2H4",pos,31097.428320121617
Arg,220729_Smp_Arg-Surf-Morn-T26-B-noIS-neg.mzML,"Taurine, 2H4",neg,68014.97806300884
Arg,220729_Smp_Arg-Surf-Morn-T26-B-noIS-pos.mzML,"L-Phenylalanine, 2H8",pos,31749.722953872388
Arg,220729_Smp_Arg-Surf-Morn-T26-B-noIS-pos.mzML,"Taurine, 2H4",pos,47291.949957611534
Arg,220729_Smp_Arg-Surf-Morn-T26-C-noIS-neg.mzML,"Taurine, 2H4",neg,65874.95119249508
Arg,220729_Smp_Arg-Surf-Morn-T26-C-noIS-pos.mzML,"L-Phenylalanine, 2H8",pos,37196.567776281925
Arg,220729_Smp_Arg-Surf-Morn-T26-C-noIS-pos.mzML,"Taurine, 2H4",pos,49368.46262882207
Arg,220729_Smp_Arg-Surf-Morn-T3-A-noIS-neg.mzML,"Taurine, 2H4",neg,68375.64612511478
Arg,220729_Smp_Arg-Surf-Morn-T3-A-noIS-pos.mzML,"L-Phenylalanine, 2H8",pos,37298.63767571012
Arg,220729_Smp_Arg-Surf-Morn-T3-A-noIS-pos.mzML,"Taurine, 2H4",pos,48937.23133719688
Arg,220729_Smp_Arg-Surf-Morn-T3-B-noIS-neg.mzML,"Taurine, 2H4",neg,68276.47537505692
Arg,220729_Smp_Arg-Surf-Morn-T3-B-noIS-pos.mzML,"L-Phenylalanine, 2H8",pos,44090.99959525872
Arg,220729_Smp_Arg-Surf-Morn-T3-B-noIS-pos.mzML,"Taurine, 2H4",pos,37947.038930140436
Arg,220729_Smp_Arg-Surf-Morn-T3-C-noIS-neg.mzML,"Taurine, 2H4",neg,45222.10913429915
Arg,220729_Smp_Arg-Surf-Morn-T3-C-noIS-pos.mzML,"L-Phenylalanine, 2H8",pos,40972.52532127547
Arg,220729_Smp_Arg-Surf-Morn-T3-C-noIS-pos.mzML,"Taurine, 2H4",pos,34762.121630386246
Arg,220729_Smp_Arg-Surf-Morn-T73-A-noIS-neg.mzML,"Taurine, 2H4",neg,34489.15279399866
Arg,220729_Smp_Arg-Surf-Morn-T73-A-noIS-pos.mzML,"L-Phenylalanine, 2H8",pos,35656.98662593479
Arg,220729_Smp_Arg-Surf-Morn-T73-A-noIS-pos.mzML,"Taurine, 2H4",pos,22165.483276517178
Arg,220729_Smp_Arg-Surf-Morn-T73-B-noIS-neg.mzML,"Taurine, 2H4",neg,31227.573125298106
Arg,220729_Smp_Arg-Surf-Morn-T73-B-noIS-pos.mzML,"L-Phenylalanine, 2H8",pos,44502.16514329371
Arg,220729_Smp_Arg-Surf-Morn-T73-B-noIS-pos.mzML,"Taurine, 2H4",pos,26109.135942565783
Arg,220729_Smp_Arg-Surf-Morn-T73-C-noIS-neg.mzML,"Taurine, 2H4",neg,80213.02977006359
Arg,220729_Smp_Arg-Surf-Morn-T73-C-noIS-pos.mzML,"L-Phenylalanine, 2H8",pos,38804.20092884119
Arg,220729_Smp_Arg-Surf-Morn-T73-C-noIS-pos.mzML,"Taurine, 2H4",pos,51992.06965448985
Arg,220729_Std_4uMStdsMix1InH2O_1.mzML,"Taurine, 2H4",neg,0
Arg,220729_Std_4uMStdsMix1InH2O_2.mzML,"Taurine, 2H4",neg,61842.61651887422
Arg,220729_Std_4uMStdsMix1InH2O_2.mzML,"Taurine, 2H4",pos,922.1301592189499
Arg,220729_Std_4uMStdsMix1InMatrix_1.mzML,"L-Phenylalanine, 2H8",pos,96728.72694571698
Arg,220729_Std_4uMStdsMix1InMatrix_1.mzML,"Taurine, 2H4",neg,220908.64959203327
Arg,220729_Std_4uMStdsMix1InMatrix_1.mzML,"Taurine, 2H4",pos,88774.75240241348
Arg,220729_Std_4uMStdsMix1InMatrix_2.mzML,"L-Phenylalanine, 2H8",pos,100449.4543993631
Arg,220729_Std_4uMStdsMix1InMatrix_2.mzML,"Taurine, 2H4",neg,359195.81304311723
Arg,220729_Std_4uMStdsMix1InMatrix_2.mzML,"Taurine, 2H4",pos,193389.68357919608
Arg,220729_Std_4uMStdsMix2InMatrix_1.mzML,"L-Phenylalanine, 2H8",pos,105789.2949957656
Arg,220729_Std_4uMStdsMix2InMatrix_1.mzML,"Taurine, 2H4",neg,167499.0585688728
Arg,220729_Std_4uMStdsMix2InMatrix_1.mzML,"Taurine, 2H4",pos,108708.42948065577
Arg,220729_Std_4uMStdsMix2InMatrix_2.mzML,"L-Phenylalanine, 2H8",pos,102855.55297809694
Arg,220729_Std_4uMStdsMix2InMatrix_2.mzML,"Taurine, 2H4",neg,314826.0765739153
Arg,220729_Std_4uMStdsMix2InMatrix_2.mzML,"Taurine, 2H4",pos,191978.10444497538
Arg,220729_Std_H2OInMatrix_1.mzML,"L-Phenylalanine, 2H8",pos,124796.18619830447
Arg,220729_Std_H2OInMatrix_1.mzML,"Taurine, 2H4",neg,241902.93676824178
Arg,220729_Std_H2OInMatrix_1.mzML,"Taurine, 2H4",pos,111354.49228717973
Arg,220729_Std_H2OInMatrix_2.mzML,"L-Phenylalanine, 2H8",pos,106305.84363493636
Arg,220729_Std_H2OInMatrix_2.mzML,"Taurine, 2H4",neg,342536.0163366944
Arg,220729_Std_H2OInMatrix_2.mzML,"Taurine, 2H4",pos,200291.4208668187
GMP,220715_Poo_TruePooGMP-noIS-neg-Full_1.mzML,"Taurine, 2H4",neg,35912.02076758911
GMP,220715_Poo_TruePooGMP-noIS-neg-Full_2.mzML,"Taurine, 2H4",neg,52163.64206772306
GMP,220715_Poo_TruePooGMP-noIS-neg-Full_3.mzML,"Taurine, 2H4",neg,64273.64540379047
GMP,220715_Poo_TruePooGMP-noIS-neg-Full_4.mzML,"Taurine, 2H4",neg,59546.50102462395
GMP,220715_Poo_TruePooGMP-noIS-neg-Full_5.mzML,"Taurine, 2H4",neg,32389.85561113572
GMP,220715_Poo_TruePooGMP-noIS-neg-Half_1.mzML,"Taurine, 2H4",neg,22182.29165494536
GMP,220715_Poo_TruePooGMP-noIS-neg-Half_2.mzML,"Taurine, 2H4",neg,27306.195375547362
GMP,220715_Poo_TruePooGMP-noIS-neg-Half_3.mzML,"Taurine, 2H4",neg,29682.3675444578
GMP,220715_Poo_TruePooGMP-noIS-neg-Half_4.mzML,"Taurine, 2H4",neg,35760.17644114306
GMP,220715_Poo_TruePooGMP-noIS-neg-Half_5.mzML,"Taurine, 2H4",neg,18967.12001679207
GMP,220715_Poo_TruePooGMP-noIS-pos-Full_1.mzML,"L-Phenylalanine, 2H8",pos,15311.630728080972
GMP,220715_Poo_TruePooGMP-noIS-pos-Full_1.mzML,"Taurine, 2H4",pos,18857.177142115248
GMP,220715_Poo_TruePooGMP-noIS-pos-Full_2.mzML,"L-Phenylalanine, 2H8",pos,13917.657741919376
GMP,220715_Poo_TruePooGMP-noIS-pos-Full_2.mzML,"Taurine, 2H4",pos,20162.039435095845
GMP,220715_Poo_TruePooGMP-noIS-pos-Full_3.mzML,"L-Phenylalanine, 2H8",pos,21611.777790400254
GMP,220715_Poo_TruePooGMP-noIS-pos-Full_3.mzML,"Taurine, 2H4",pos,20702.17818565563
GMP,220715_Poo_TruePooGMP-noIS-pos-Full_4.mzML,"L-Phenylalanine, 2H8",pos,35310.80147507854
GMP,220715_Poo_TruePooGMP-noIS-pos-Full_4.mzML,"Taurine, 2H4",pos,29282.37498980991
GMP,220715_Poo_TruePooGMP-noIS-pos-Full_5.mzML,"L-Phenylalanine, 2H8",pos,31420.44525314207
GMP,220715_Poo_TruePooGMP-noIS-pos-Full_5.mzML,"Taurine, 2H4",pos,32241.645332145996
GMP,220715_Poo_TruePooGMP-noIS-pos-Half_1.mzML,"L-Phenylalanine, 2H8",pos,6106.706433504648
GMP,220715_Poo_TruePooGMP-noIS-pos-Half_1.mzML,"Taurine, 2H4",pos,10372.172628537111
GMP,220715_Poo_TruePooGMP-noIS-pos-Half_2.mzML,"L-Phenylalanine, 2H8",pos,7881.349839263059
GMP,220715_Poo_TruePooGMP-noIS-pos-Half_2.mzML,"Taurine, 2H4",pos,9926.95718942029
GMP,220715_Poo_TruePooGMP-noIS-pos-Half_3.mzML,"L-Phenylalanine, 2H8",pos,10188.194022648408
GMP,220715_Poo_TruePooGMP-noIS-pos-Half_3.mzML,"Taurine, 2H4",pos,11398.204683500118
GMP,220715_Poo_TruePooGMP-noIS-pos-Half_4.mzML,"L-Phenylalanine, 2H8",pos,12313.134775694993
GMP,220715_Poo_TruePooGMP-noIS-pos-Half_4.mzML,"Taurine, 2H4",pos,12407.824663758287
GMP,220715_Poo_TruePooGMP-noIS-pos-Half_5.mzML,"L-Phenylalanine, 2H8",pos,16770.705304895866
GMP,220715_Poo_TruePooGMP-noIS-pos-Half_5.mzML,"Taurine, 2H4",pos,12722.858040461044
GMP,220715_Smp_GMP-Deep-Eve-T0-A-noIS-neg.mzML,"Taurine, 2H4",neg,48251.05852651965
GMP,220715_Smp_GMP-Deep-Eve-T0-A-noIS-pos.mzML,"L-Phenylalanine, 2H8",pos,17048.45250716754
GMP,220715_Smp_GMP-Deep-Eve-T0-A-noIS-pos.mzML,"Taurine, 2H4",pos,22471.931976480246
GMP,220715_Smp_GMP-Deep-Eve-T0-B-noIS-neg.mzML,"Taurine, 2H4",neg,75892.05602669428
GMP,220715_Smp_GMP-Deep-Eve-T0-B-noIS-pos.mzML,"L-Phenylalanine, 2H8",pos,37131.0698473078
GMP,220715_Smp_GMP-Deep-Eve-T0-B-noIS-pos.mzML,"Taurine, 2H4",pos,31436.564417590365
GMP,220715_Smp_GMP-Deep-Eve-T0-C-noIS-neg.mzML,"Taurine, 2H4",neg,64346.378333868866
GMP,220715_Smp_GMP-Deep-Eve-T0-C-noIS-pos.mzML,"L-Phenylalanine, 2H8",pos,34013.81815912569
GMP,220715_Smp_GMP-Deep-Eve-T0-C-noIS-pos.mzML,"Taurine, 2H4",pos,27614.92795057373
GMP,220715_Smp_GMP-Deep-Eve-T10-A-noIS-neg.mzML,"Taurine, 2H4",neg,49384.68261704858
GMP,220715_Smp_GMP-Deep-Eve-T10-A-noIS-pos.mzML,"L-Phenylalanine, 2H8",pos,37645.90405686081
GMP,220715_Smp_GMP-Deep-Eve-T10-A-noIS-pos.mzML,"Taurine, 2H4",pos,26185.838408251027
GMP,220715_Smp_GMP-Deep-Eve-T10-B-noIS-neg.mzML,"Taurine, 2H4",neg,83931.09451139133
GMP,220715_Smp_GMP-Deep-Eve-T10-B-noIS-pos.mzML,"L-Phenylalanine, 2H8",pos,22180.23933368169
GMP,220715_Smp_GMP-Deep-Eve-T10-B-noIS-pos.mzML,"Taurine, 2H4",pos,25235.138387481133
GMP,220715_Smp_GMP-Deep-Eve-T10-C-noIS-neg.mzML,"Taurine, 2H4",neg,81572.88510734335
GMP,220715_Smp_GMP-Deep-Eve-T10-C-noIS-pos.mzML,"L-Phenylalanine, 2H8",pos,23438.526500688917
GMP,220715_Smp_GMP-Deep-Eve-T10-C-noIS-pos.mzML,"Taurine, 2H4",pos,25659.202226598893
GMP,220715_Smp_GMP-Deep-Eve-T26-A-noIS-neg.mzML,"Taurine, 2H4",neg,63891.45703574906
GMP,220715_Smp_GMP-Deep-Eve-T26-A-noIS-pos.mzML,"L-Phenylalanine, 2H8",pos,21482.08064980207
GMP,220715_Smp_GMP-Deep-Eve-T26-A-noIS-pos.mzML,"Taurine, 2H4",pos,20184.127757445185
GMP,220715_Smp_GMP-Deep-Eve-T26-B-noIS-neg.mzML,"Taurine, 2H4",neg,45903.36208799186
GMP,220715_Smp_GMP-Deep-Eve-T26-B-noIS-pos.mzML,"L-Phenylalanine, 2H8",pos,7451.762528783453
GMP,220715_Smp_GMP-Deep-Eve-T26-B-noIS-pos.mzML,"Taurine, 2H4",pos,19559.41641779969
GMP,220715_Smp_GMP-Deep-Eve-T26-C-noIS-neg.mzML,"Taurine, 2H4",neg,79933.67058737676
GMP,220715_Smp_GMP-Deep-Eve-T26-C-noIS-pos.mzML,"L-Phenylalanine, 2H8",pos,25880.530327516648
GMP,220715_Smp_GMP-Deep-Eve-T26-C-noIS-pos.mzML,"Taurine, 2H4",pos,25271.11629789794
GMP,220715_Smp_GMP-Deep-Eve-T3-A-noIS-neg.mzML,"Taurine, 2H4",neg,69217.23176313764
GMP,220715_Smp_GMP-Deep-Eve-T3-A-noIS-pos.mzML,"L-Phenylalanine, 2H8",pos,24481.059811135
GMP,220715_Smp_GMP-Deep-Eve-T3-A-noIS-pos.mzML,"Taurine, 2H4",pos,22661.82716619117
GMP,220715_Smp_GMP-Deep-Eve-T3-B-noIS-neg.mzML,"Taurine, 2H4",neg,85428.835363818
GMP,220715_Smp_GMP-Deep-Eve-T3-B-noIS-pos.mzML,"L-Phenylalanine, 2H8",pos,29903.964469291433
GMP,220715_Smp_GMP-Deep-Eve-T3-B-noIS-pos.mzML,"Taurine, 2H4",pos,27915.58466199223
GMP,220715_Smp_GMP-Deep-Eve-T3-C-noIS-neg.mzML,"Taurine, 2H4",neg,89462.36862876304
GMP,220715_Smp_GMP-Deep-Eve-T3-C-noIS-pos.mzML,"L-Phenylalanine, 2H8",pos,50348.3050934774
GMP,220715_Smp_GMP-Deep-Eve-T3-C-noIS-pos.mzML,"Taurine, 2H4",pos,50424.077216543636
GMP,220715_Smp_GMP-Deep-Eve-T73-A-noIS-neg.mzML,"Taurine, 2H4",neg,46841.857253277594
GMP,220715_Smp_GMP-Deep-Eve-T73-A-noIS-pos.mzML,"L-Phenylalanine, 2H8",pos,39157.0292758862
GMP,220715_Smp_GMP-Deep-Eve-T73-A-noIS-pos.mzML,"Taurine, 2H4",pos,32160.09857602847
GMP,220715_Smp_GMP-Deep-Eve-T73-B-noIS-neg.mzML,"Taurine, 2H4",neg,58662.313453109404
GMP,220715_Smp_GMP-Deep-Eve-T73-B-noIS-pos.mzML,"L-Phenylalanine, 2H8",pos,20046.932635633875
GMP,220715_Smp_GMP-Deep-Eve-T73-B-noIS-pos.mzML,"Taurine, 2H4",pos,21735.163122090624
GMP,220715_Smp_GMP-Deep-Eve-T73-C-noIS-neg.mzML,"Taurine, 2H4",neg,63563.44573007765
GMP,220715_Smp_GMP-Deep-Eve-T73-C-noIS-pos.mzML,"L-Phenylalanine, 2H8",pos,40884.05124994537
GMP,220715_Smp_GMP-Deep-Eve-T73-C-noIS-pos.mzML,"Taurine, 2H4",pos,35345.97274602549
GMP,220715_Smp_GMP-Deep-Morn-T0-A-noIS-neg.mzML,"Taurine, 2H4",neg,63634.70912696472
GMP,220715_Smp_GMP-Deep-Morn-T0-A-noIS-pos.mzML,"L-Phenylalanine, 2H8",pos,28234.350155495427
GMP,220715_Smp_GMP-Deep-Morn-T0-A-noIS-pos.mzML,"Taurine, 2H4",pos,27578.308872525984
GMP,220715_Smp_GMP-Deep-Morn-T0-B-noIS-neg.mzML,"Taurine, 2H4",neg,39172.3267647412
GMP,220715_Smp_GMP-Deep-Morn-T0-B-noIS-pos.mzML,"L-Phenylalanine, 2H8",pos,18108.924078306674
GMP,220715_Smp_GMP-Deep-Morn-T0-B-noIS-pos.mzML,"Taurine, 2H4",pos,16083.10343881641
GMP,220715_Smp_GMP-Deep-Morn-T0-C-noIS-neg.mzML,"Taurine, 2H4",neg,81298.37541669089
GMP,220715_Smp_GMP-Deep-Morn-T0-C-noIS-pos.mzML,"L-Phenylalanine, 2H8",pos,46188.520367142984
GMP,220715_Smp_GMP-Deep-Morn-T0-C-noIS-pos.mzML,"Taurine, 2H4",pos,48376.08604284195
GMP,220715_Smp_GMP-Deep-Morn-T10-A-noIS-neg.mzML,"Taurine, 2H4",neg,53139.48522333424
GMP,220715_Smp_GMP-Deep-Morn-T10-A-noIS-pos.mzML,"L-Phenylalanine, 2H8",pos,29457.260269753227
GMP,220715_Smp_GMP-Deep-Morn-T10-A-noIS-pos.mzML,"Taurine, 2H4",pos,35449.44310020933
GMP,220715_Smp_GMP-Deep-Morn-T10-B-noIS-neg.mzML,"Taurine, 2H4",neg,61734.834863476295
GMP,220715_Smp_GMP-Deep-Morn-T10-B-noIS-pos.mzML,"L-Phenylalanine, 2H8",pos,20128.83296081764
GMP,220715_Smp_GMP-Deep-Morn-T10-B-noIS-pos.mzML,"Taurine, 2H4",pos,26366.785717529212
GMP,220715_Smp_GMP-Deep-Morn-T10-C-noIS-neg.mzML,"Taurine, 2H4",neg,69973.28167453122
GMP,220715_Smp_GMP-Deep-Morn-T10-C-noIS-pos.mzML,"L-Phenylalanine, 2H8",pos,19884.42233456829
GMP,220715_Smp_GMP-Deep-Morn-T10-C-noIS-pos.mzML,"Taurine, 2H4",pos,23067.248291740376
GMP,220715_Smp_GMP-Deep-Morn-T26-A-noIS-neg.mzML,"Taurine, 2H4",neg,48964.55105130493
GMP,220715_Smp_GMP-Deep-Morn-T26-A-noIS-pos.mzML,"L-Phenylalanine, 2H8",pos,32869.727081962985
GMP,220715_Smp_GMP-Deep-Morn-T26-A-noIS-pos.mzML,"Taurine, 2H4",pos,34123.20652990018
GMP,220715_Smp_GMP-Deep-Morn-T26-B-noIS-neg.mzML,"Taurine, 2H4",neg,48383.631311697965
GMP,220715_Smp_GMP-Deep-Morn-T26-B-noIS-pos.mzML,"L-Phenylalanine, 2H8",pos,35846.56314279513
GMP,220715_Smp_GMP-Deep-Morn-T26-B-noIS-pos.mzML,"Taurine, 2H4",pos,28604.21540372355
GMP,220715_Smp_GMP-Deep-Morn-T26-C-noIS-neg.mzML,"Taurine, 2H4",neg,44832.56477755405
GMP,220715_Smp_GMP-Deep-Morn-T26-C-noIS-pos.mzML,"L-Phenylalanine, 2H8",pos,17841.036031564538
GMP,220715_Smp_GMP-Deep-Morn-T26-C-noIS-pos.mzML,"Taurine, 2H4",pos,17406.263832568995
GMP,220715_Smp_GMP-Deep-Morn-T3-A-noIS-neg.mzML,"Taurine, 2H4",neg,62613.444353153856
GMP,220715_Smp_GMP-Deep-Morn-T3-A-noIS-pos.mzML,"L-Phenylalanine, 2H8",pos,22713.76539898823
GMP,220715_Smp_GMP-Deep-Morn-T3-A-noIS-pos.mzML,"Taurine, 2H4",pos,19062.713162875018
GMP,220715_Smp_GMP-Deep-Morn-T3-B-noIS-neg.mzML,"Taurine, 2H4",neg,74023.0573839956
GMP,220715_Smp_GMP-Deep-Morn-T3-B-noIS-pos.mzML,"L-Phenylalanine, 2H8",pos,33332.21069852187
GMP,220715_Smp_GMP-Deep-Morn-T3-B-noIS-pos.mzML,"Taurine, 2H4",pos,29147.001147975592
GMP,220715_Smp_GMP-Deep-Morn-T3-C-noIS-neg.mzML,"Taurine, 2H4",neg,47139.32267461626
GMP,220715_Smp_GMP-Deep-Morn-T3-C-noIS-pos.mzML,"L-Phenylalanine, 2H8",pos,14017.651594871078
GMP,220715_Smp_GMP-Deep-Morn-T3-C-noIS-pos.mzML,"Taurine, 2H4",pos,18839.737172780286
GMP,220715_Smp_GMP-Deep-Morn-T73-A-noIS-neg.mzML,"Taurine, 2H4",neg,57600.409312997515
GMP,220715_Smp_GMP-Deep-Morn-T73-A-noIS-pos.mzML,"L-Phenylalanine, 2H8",pos,23068.452484963607
GMP,220715_Smp_GMP-Deep-Morn-T73-A-noIS-pos.mzML,"Taurine, 2H4",pos,23869.86448421118
GMP,220715_Smp_GMP-Deep-Morn-T73-B-noIS-neg.mzML,"Taurine, 2H4",neg,43423.921624503215
GMP,220715_Smp_GMP-Deep-Morn-T73-B-noIS-pos.mzML,"L-Phenylalanine, 2H8",pos,18441.697190153714
GMP,220715_Smp_GMP-Deep-Morn-T73-B-noIS-pos.mzML,"Taurine, 2H4",pos,22842.010185569874
GMP,220715_Smp_GMP-Deep-Morn-T73-C-noIS-neg.mzML,"Taurine, 2H4",neg,65977.69559357456
GMP,220715_Smp_GMP-Deep-Morn-T73-C-noIS-pos.mzML,"L-Phenylalanine, 2H8",pos,35579.66909604325
GMP,220715_Smp_GMP-Deep-Morn-T73-C-noIS-pos.mzML,"Taurine, 2H4",pos,31787.69236487743
GMP,220715_Smp_GMP-Surf-Eve-T0-A-noIS-neg.mzML,"Taurine, 2H4",neg,53510.79533294411
GMP,220715_Smp_GMP-Surf-Eve-T0-A-noIS-pos.mzML,"L-Phenylalanine, 2H8",pos,20327.868966842598
GMP,220715_Smp_GMP-Surf-Eve-T0-A-noIS-pos.mzML,"Taurine, 2H4",pos,18295.654534900794
GMP,220715_Smp_GMP-Surf-Eve-T0-B-noIS-neg.mzML,"Taurine, 2H4",neg,32430.624284289792
GMP,220715_Smp_GMP-Surf-Eve-T0-B-noIS-pos.mzML,"L-Phenylalanine, 2H8",pos,33606.246086832245
GMP,220715_Smp_GMP-Surf-Eve-T0-B-noIS-pos.mzML,"Taurine, 2H4",pos,22738.852597722176
GMP,220715_Smp_GMP-Surf-Eve-T0-C-noIS-neg.mzML,"Taurine, 2H4",neg,44823.69566328151
GMP,220715_Smp_GMP-Surf-Eve-T0-C-noIS-pos.mzML,"L-Phenylalanine, 2H8",pos,43512.451326541704
GMP,220715_Smp_GMP-Surf-Eve-T0-C-noIS-pos.mzML,"Taurine, 2H4",pos,27985.13707448163
GMP,220715_Smp_GMP-Surf-Eve-T10-A-noIS-neg.mzML,"Taurine, 2H4",neg,64508.890539569154
GMP,220715_Smp_GMP-Surf-Eve-T10-A-noIS-pos.mzML,"L-Phenylalanine, 2H8",pos,30278.805552364847
GMP,220715_Smp_GMP-Surf-Eve-T10-A-noIS-pos.mzML,"Taurine, 2H4",pos,27673.71425404952
GMP,220715_Smp_GMP-Surf-Eve-T10-B-noIS-neg.mzML,"Taurine, 2H4",neg,52718.707762377046
GMP,220715_Smp_GMP-Surf-Eve-T10-B-noIS-pos.mzML,"L-Phenylalanine, 2H8",pos,22201.48996604438
GMP,220715_Smp_GMP-Surf-Eve-T10-B-noIS-pos.mzML,"Taurine, 2H4",pos,27824.612689190413
GMP,220715_Smp_GMP-Surf-Eve-T10-C-noIS-neg.mzML,"Taurine, 2H4",neg,47129.30544020757
GMP,220715_Smp_GMP-Surf-Eve-T10-C-noIS-pos.mzML,"L-Phenylalanine, 2H8",pos,14488.309142249645
GMP,220715_Smp_GMP-Surf-Eve-T10-C-noIS-pos.mzML,"Taurine, 2H4",pos,22283.48983782205
GMP,220715_Smp_GMP-Surf-Eve-T26-A-noIS-neg.mzML,"Taurine, 2H4",neg,54870.72190120999
GMP,220715_Smp_GMP-Surf-Eve-T26-A-noIS-pos.mzML,"L-Phenylalanine, 2H8",pos,18869.65524339467
GMP,220715_Smp_GMP-Surf-Eve-T26-A-noIS-pos.mzML,"Taurine, 2H4",pos,21561.901526721875
GMP,220715_Smp_GMP-Surf-Eve-T26-C-noIS-neg.mzML,"Taurine, 2H4",neg,48639.61053882595
GMP,220715_Smp_GMP-Surf-Eve-T26-C-noIS-pos.mzML,"L-Phenylalanine, 2H8",pos,17480.609426758816
GMP,220715_Smp_GMP-Surf-Eve-T26-C-noIS-pos.mzML,"Taurine, 2H4",pos,16789.320003704248
GMP,220715_Smp_GMP-Surf-Eve-T3-A-noIS-neg.mzML,"Taurine, 2H4",neg,49739.6182897499
GMP,220715_Smp_GMP-Surf-Eve-T3-A-noIS-pos.mzML,"L-Phenylalanine, 2H8",pos,17854.18703078193
GMP,220715_Smp_GMP-Surf-Eve-T3-A-noIS-pos.mzML,"Taurine, 2H4",pos,18370.22880691512
GMP,220715_Smp_GMP-Surf-Eve-T3-B-noIS-neg.mzML,"Taurine, 2H4",neg,60843.98049721878
GMP,220715_Smp_GMP-Surf-Eve-T3-B-noIS-pos.mzML,"L-Phenylalanine, 2H8",pos,28618.81848602208
GMP,220715_Smp_GMP-Surf-Eve-T3-B-noIS-pos.mzML,"Taurine, 2H4",pos,27684.888897353532
GMP,220715_Smp_GMP-Surf-Eve-T3-C-noIS-neg.mzML,"Taurine, 2H4",neg,38258.84130908444
GMP,220715_Smp_GMP-Surf-Eve-T3-C-noIS-pos.mzML,"L-Phenylalanine, 2H8",pos,10089.420127633675
GMP,220715_Smp_GMP-Surf-Eve-T3-C-noIS-pos.mzML,"Taurine, 2H4",pos,19633.540174396305
GMP,220715_Smp_GMP-Surf-Eve-T73-A-noIS-neg.mzML,"Taurine, 2H4",neg,55148.01587720025
GMP,220715_Smp_GMP-Surf-Eve-T73-A-noIS-pos.mzML,"L-Phenylalanine, 2H8",pos,38148.795212931385
GMP,220715_Smp_GMP-Surf-Eve-T73-A-noIS-pos.mzML,"Taurine, 2H4",pos,36155.09701932641
GMP,220715_Smp_GMP-Surf-Eve-T73-B-noIS-neg.mzML,"Taurine, 2H4",neg,70339.5776488878
GMP,220715_Smp_GMP-Surf-Eve-T73-B-noIS-pos.mzML,"L-Phenylalanine, 2H8",pos,27860.59625078554
GMP,220715_Smp_GMP-Surf-Eve-T73-B-noIS-pos.mzML,"Taurine, 2H4",pos,26291.208974826666
GMP,220715_Smp_GMP-Surf-Eve-T73-C-noIS-neg.mzML,"Taurine, 2H4",neg,52941.911297363535
GMP,220715_Smp_GMP-Surf-Eve-T73-C-noIS-pos.mzML,"L-Phenylalanine, 2H8",pos,19936.608689498673
GMP,220715_Smp_GMP-Surf-Eve-T73-C-noIS-pos.mzML,"Taurine, 2H4",pos,20733.219224825458
GMP,220715_Smp_GMP-Surf-Morn-T0-A-noIS-neg.mzML,"Taurine, 2H4",neg,60385.666308279695
GMP,220715_Smp_GMP-Surf-Morn-T0-A-noIS-pos.mzML,"L-Phenylalanine, 2H8",pos,25332.983839194192
GMP,220715_Smp_GMP-Surf-Morn-T0-A-noIS-pos.mzML,"Taurine, 2H4",pos,22793.675543627774
GMP,220715_Smp_GMP-Surf-Morn-T0-B-noIS-neg.mzML,"Taurine, 2H4",neg,27797.01733577737
GMP,220715_Smp_GMP-Surf-Morn-T0-B-noIS-pos.mzML,"L-Phenylalanine, 2H8",pos,36278.40401030005
GMP,220715_Smp_GMP-Surf-Morn-T0-B-noIS-pos.mzML,"Taurine, 2H4",pos,23582.024556014898
GMP,220715_Smp_GMP-Surf-Morn-T0-C-noIS-neg.mzML,"Taurine, 2H4",neg,66146.20081696293
GMP,220715_Smp_GMP-Surf-Morn-T0-C-noIS-pos.mzML,"L-Phenylalanine, 2H8",pos,21805.180469754854
GMP,220715_Smp_GMP-Surf-Morn-T0-C-noIS-pos.mzML,"Taurine, 2H4",pos,22586.309578052646
GMP,220715_Smp_GMP-Surf-Morn-T10-A-noIS-neg.mzML,"Taurine, 2H4",neg,40232.04840572341
GMP,220715_Smp_GMP-Surf-Morn-T10-A-noIS-pos.mzML,"L-Phenylalanine, 2H8",pos,18335.887084430437
GMP,220715_Smp_GMP-Surf-Morn-T10-A-noIS-pos.mzML,"Taurine, 2H4",pos,17455.610590876804
GMP,220715_Smp_GMP-Surf-Morn-T10-B-noIS-neg.mzML,"Taurine, 2H4",neg,53581.68525126679
GMP,220715_Smp_GMP-Surf-Morn-T10-B-noIS-pos.mzML,"L-Phenylalanine, 2H8",pos,22721.69321283863
GMP,220715_Smp_GMP-Surf-Morn-T10-B-noIS-pos.mzML,"Taurine, 2H4",pos,18709.91655131542
GMP,220715_Smp_GMP-Surf-Morn-T10-C-noIS-neg.mzML,"Taurine, 2H4",neg,47392.40906228663
GMP,220715_Smp_GMP-Surf-Morn-T10-C-noIS-pos.mzML,"L-Phenylalanine, 2H8",pos,21142.093719456756
GMP,220715_Smp_GMP-Surf-Morn-T10-C-noIS-pos.mzML,"Taurine, 2H4",pos,19033.07978582752
GMP,220715_Smp_GMP-Surf-Morn-T26-A-noIS-neg.mzML,"Taurine, 2H4",neg,42170.0872315603
GMP,220715_Smp_GMP-Surf-Morn-T26-A-noIS-pos.mzML,"L-Phenylalanine, 2H8",pos,28169.36414480012
GMP,220715_Smp_GMP-Surf-Morn-T26-A-noIS-pos.mzML,"Taurine, 2H4",pos,22536.287283349662
GMP,220715_Smp_GMP-Surf-Morn-T26-B-noIS-neg.mzML,"Taurine, 2H4",neg,37807.3910695664
GMP,220715_Smp_GMP-Surf-Morn-T26-B-noIS-pos.mzML,"L-Phenylalanine, 2H8",pos,18424.60985091686
GMP,220715_Smp_GMP-Surf-Morn-T26-B-noIS-pos.mzML,"Taurine, 2H4",pos,18682.171780370725
GMP,220715_Smp_GMP-Surf-Morn-T26-C-noIS-neg.mzML,"Taurine, 2H4",neg,38477.79086234646
GMP,220715_Smp_GMP-Surf-Morn-T26-C-noIS-pos.mzML,"L-Phenylalanine, 2H8",pos,30943.317453147283
GMP,220715_Smp_GMP-Surf-Morn-T26-C-noIS-pos.mzML,"Taurine, 2H4",pos,25452.826865700154
GMP,220715_Smp_GMP-Surf-Morn-T3-A-noIS-neg.mzML,"Taurine, 2H4",neg,55749.12678804732
GMP,220715_Smp_GMP-Surf-Morn-T3-A-noIS-pos.mzML,"L-Phenylalanine, 2H8",pos,24185.899928248346
GMP,220715_Smp_GMP-Surf-Morn-T3-A-noIS-pos.mzML,"Taurine, 2H4",pos,20901.357218596942
GMP,220715_Smp_GMP-Surf-Morn-T3-B-noIS-neg.mzML,"Taurine, 2H4",neg,47344.708093811976
GMP,220715_Smp_GMP-Surf-Morn-T3-B-noIS-pos.mzML,"L-Phenylalanine, 2H8",pos,14612.058611379854
GMP,220715_Smp_GMP-Surf-Morn-T3-B-noIS-pos.mzML,"Taurine, 2H4",pos,16345.654370384014
GMP,220715_Smp_GMP-Surf-Morn-T3-C-noIS-neg.mzML,"Taurine, 2H4",neg,41078.61101225774
GMP,220715_Smp_GMP-Surf-Morn-T3-C-noIS-pos.mzML,"L-Phenylalanine, 2H8",pos,19150.496774162268
GMP,220715_Smp_GMP-Surf-Morn-T3-C-noIS-pos.mzML,"Taurine, 2H4",pos,16066.149412140727
GMP,220715_Smp_GMP-Surf-Morn-T73-A-noIS-neg.mzML,"Taurine, 2H4",neg,64377.92592673888
GMP,220715_Smp_GMP-Surf-Morn-T73-A-noIS-pos.mzML,"L-Phenylalanine, 2H8",pos,25336.235141791978
GMP,220715_Smp_GMP-Surf-Morn-T73-A-noIS-pos.mzML,"Taurine, 2H4",pos,27171.457640989964
GMP,220715_Smp_GMP-Surf-Morn-T73-B-noIS-neg.mzML,"Taurine, 2H4",neg,94257.55810603057
GMP,220715_Smp_GMP-Surf-Morn-T73-B-noIS-pos.mzML,"L-Phenylalanine, 2H8",pos,39270.195468172795
GMP,220715_Smp_GMP-Surf-Morn-T73-B-noIS-pos.mzML,"Taurine, 2H4",pos,39043.972972930394
GMP,220715_Smp_GMP-Surf-Morn-T73-C-noIS-neg.mzML,"Taurine, 2H4",neg,59608.82003937214
GMP,220715_Smp_GMP-Surf-Morn-T73-C-noIS-pos.mzML,"L-Phenylalanine, 2H8",pos,23237.6211050046
GMP,220715_Smp_GMP-Surf-Morn-T73-C-noIS-pos.mzML,"Taurine, 2H4",pos,27665.565586958044
GMP,220715_Smp_GMP_Blk_A-noIS-neg.mzML,"Taurine, 2H4",neg,39934.44058014672
GMP,220715_Smp_GMP_Blk_A-noIS-pos.mzML,"L-Phenylalanine, 2H8",pos,27842.62988608566
GMP,220715_Smp_GMP_Blk_A-noIS-pos.mzML,"Taurine, 2H4",pos,21826.803461350937
GMP,220715_Std_4uMStdsMix1InMatrix_1.mzML,"L-Phenylalanine, 2H8",pos,61322.079372198146
GMP,220715_Std_4uMStdsMix1InMatrix_1.mzML,"Taurine, 2H4",neg,171980.31816836286
GMP,220715_Std_4uMStdsMix1InMatrix_1.mzML,"Taurine, 2H4",pos,57480.13201375785
GMP,220715_Std_4uMStdsMix1InMatrix_2.mzML,"L-Phenylalanine, 2H8",pos,91235.40777600497
GMP,220715_Std_4uMStdsMix1InMatrix_2.mzML,"Taurine, 2H4",neg,237943.06467983685
GMP,220715_Std_4uMStdsMix1InMatrix_2.mzML,"Taurine, 2H4",pos,89625.44789665766
GMP,220715_Std_4uMStdsMix2InMatrix_1.mzML,"L-Phenylalanine, 2H8",pos,49852.728628293175
GMP,220715_Std_4uMStdsMix2InMatrix_1.mzML,"Taurine, 2H4",neg,134408.72084227338
GMP,220715_Std_4uMStdsMix2InMatrix_1.mzML,"Taurine, 2H4",pos,54443.14969188283
GMP,220715_Std_4uMStdsMix2InMatrix_2.mzML,"L-Phenylalanine, 2H8",pos,105335.9488864467
GMP,220715_Std_4uMStdsMix2InMatrix_2.mzML,"Taurine, 2H4",neg,171616.68839795786
GMP,220715_Std_4uMStdsMix2InMatrix_2.mzML,"Taurine, 2H4",pos,121054.95499927242
GMP,220715_Std_H2OInMatrix_1.mzML,"L-Phenylalanine, 2H8",pos,54202.16183391022
GMP,220715_Std_H2OInMatrix_1.mzML,"Taurine, 2H4",neg,165877.83734518546
GMP,220715_Std_H2OInMatrix_1.mzML,"Taurine, 2H4",pos,55460.07874227737
GMP,220715_Std_H2OInMatrix_2.mzML,"L-Phenylalanine, 2H8",pos,119381.85723131934
GMP,220715_Std_H2OInMatrix_2.mzML,"Taurine, 2H4",neg,234457.53246756943
GMP,220715_Std_H2OInMatrix_2.mzML,"Taurine, 2H4",pos,119240.19751337053
